sort_order,الجزء,السورة الأولى,السورة الثانية,السورة الثالثة,خطة التسميع,النقاط,الوزن,منفرد,أخذ الشهادة,اسم السورة,اسم الجزء,رقم الثلاث أجزاء
1,16,مريم,,,305,30,1,,,,,
2,16,مريم,,,306,30,1,,,,,
3,16,مريم,,,دوري,30,0,,,,,
4,16,مريم,,,307,30,1,,,,,
5,16,مريم,,,308,30,1,,,,,
6,16,مريم,,,دوري,30,0,,,,,
7,16,مريم,,,309,30,1,,,,,
8,16,مريم,,,310,30,1,,,,,
9,16,مريم,,,311,30,1,,,,,
10,16,مريم,,,دوري,30,0,,,,,
11,16,مريم,,,سورة مريم تراكمي,73,2,,,,,
12,16,طه,,,312,30,1,,,,,
13,16,طه,,,313,30,1,,,,,
14,16,طه,,,دوري,30,0,,,,,
15,16,طه,,,314,30,1,,,,,
16,16,طه,,,315,30,1,,,,,
17,16,طه,,,دوري,30,0,,,,,
18,16,طه,,,316,30,1,,,,,
19,16,طه,,,317,30,1,,,,,
20,16,طه,,,دوري,30,0,,,,,
21,16,طه,,,318,30,1,,,,,
22,16,طه,,,319,30,1,,,,,
23,16,طه,,,دوري,30,0,,,,,
24,16,طه,,,320,30,1,,,,,
25,16,طه,,,321,30,1,,,,,
26,16,طه,,,دوري,30,0,,,,,
27,16,طه,,,سورة طه تراكمي,97,2,,,,,
28,16,طه,,,جزء 16 تراكمي,400,2,,,,,
29,17,الأنبياء,,,322,30,1,,,,,
30,17,الأنبياء,,,323,30,1,,,,,
31,17,الأنبياء,,,دوري,30,0,,,,,
32,17,الأنبياء,,,324,30,1,,,,,
33,17,الأنبياء,,,325,30,1,,,,,
34,17,الأنبياء,,,دوري,30,0,,,,,
35,17,الأنبياء,,,326,30,1,,,,,
36,17,الأنبياء,,,327,30,1,,,,,
37,17,الأنبياء,,,دوري,30,0,,,,,
38,17,الأنبياء,,,328,30,1,,,,,
39,17,الأنبياء,,,329,30,1,,,,,
40,17,الأنبياء,,,دوري,30,0,,,,,
41,17,الأنبياء,,,330,30,1,,,,,
42,17,الأنبياء,,,331,30,1,,,,,
43,17,الأنبياء,,,دوري,30,0,,,,,
44,17,الأنبياء,,,سورة الأنبياء تراكمي,100,2,,,,,
45,17,الحج,,,332,30,1,,,,,
46,17,الحج,,,333,30,1,,,,,
47,17,الحج,,,دوري,30,0,,,,,
48,17,الحج,,,334,30,1,,,,,
49,17,الحج,,,335,30,1,,,,,
50,17,الحج,,,دوري,30,0,,,,,
51,17,الحج,,,336,30,1,,,,,
52,17,الحج,,,337,30,1,,,,,
53,17,الحج,,,دوري,30,0,,,,,
54,17,الحج,,,338,30,1,,,,,
55,17,الحج,,,339,30,1,,,,,
56,17,الحج,,,دوري,30,0,,,,,
57,17,الحج,,,340,30,1,,,,,
58,17,الحج,,,341,30,1,,,,,
59,17,الحج,,,دوري,30,0,,,,,
60,17,الحج,,,سورة الحج تراكمي,100,2,,,,,
61,17,الحج,,,جزء 17 تراكمي,400,2,,,,,
62,18,المؤمنون,,,342,30,1,,,,,
63,18,المؤمنون,,,343,30,1,,,,,
64,18,المؤمنون,,,دوري,30,0,,,,,
65,18,المؤمنون,,,344,30,1,,,,,
66,18,المؤمنون,,,345,30,1,,,,,
67,18,المؤمنون,,,دوري,30,0,,,,,
68,18,المؤمنون,,,346,30,1,,,,,
69,18,المؤمنون,,,347,30,1,,,,,
70,18,المؤمنون,,,دوري,30,0,,,,,
71,18,المؤمنون,,,348,30,1,,,,,
72,18,المؤمنون,,,349,30,1,,,,,
73,18,المؤمنون,,,دوري,30,0,,,,,
74,18,المؤمنون,,,سورة المؤمنون تراكمي,80,2,,,,,
75,18,النور,,,350,30,1,,,,,
76,18,النور,,,351,30,1,,,,,
77,18,النور,,,دوري,30,0,,,,,
78,18,النور,,,352,30,1,,,,,
79,18,النور,,,353,30,1,,,,,
80,18,النور,,,دوري,30,0,,,,,
81,18,النور,,,354,30,1,,,,,
82,18,النور,,,355,30,1,,,,,
83,18,النور,,,دوري,30,0,,,,,
84,18,النور,,,356,30,1,,,,,
85,18,النور,,,357,30,1,,,,,
86,18,النور,,,دوري,30,0,,,,,
87,18,النور,,,358,30,1,,,,,
88,18,النور,,,359,30,1,,,,,
89,18,النور,,,دوري,30,0,,,,,
90,18,النور,,,سورة النور تراكمي,97,2,,,,,
91,18,الفرقان,,,360,30,1,,,,,
92,18,الفرقان,,,361,30,1,,,,,
93,18,الفرقان,,,دوري,30,0,,,,,
94,18,الفرقان,,,جزء 18 تراكمي,400,2,,,,,
95,18,الفرقان,,,(16+17+18),600,3,1,,,,
96,19,الفرقان,,,362,30,1,,,,,
97,19,الفرقان,,,363,30,1,,,,,
98,19,الفرقان,,,دوري,30,0,,,,,
99,19,الفرقان,,,364,30,1,,,,,
100,19,الفرقان,,,365,30,1,,,,,
101,19,الفرقان,,,دوري,30,0,,,,,
102,19,الفرقان,,,366,30,1,,,,,
103,19,الفرقان,,,دوري,30,0,,,,,
104,19,الفرقان,,,سورة الفرقان تراكمي,73,2,,,,,
105,19,الشعراء,,,367,30,1,,,,,
106,19,الشعراء,,,368,30,1,,,,,
107,19,الشعراء,,,دوري,30,0,,,,,
108,19,الشعراء,,,369,30,1,,,,,
109,19,الشعراء,,,370,30,1,,,,,
110,19,الشعراء,,,دوري,30,0,,,,,
111,19,الشعراء,,,371,30,1,,,,,
112,19,الشعراء,,,372,30,1,,,,,
113,19,الشعراء,,,دوري,30,0,,,,,
114,19,الشعراء,,,373,30,1,,,,,
115,19,الشعراء,,,374,30,1,,,,,
116,19,الشعراء,,,دوري,30,0,,,,,
117,19,الشعراء,,,375,30,1,,,,,
118,19,الشعراء,,,376,30,1,,,,,
119,19,الشعراء,,,دوري,30,0,,,,,
120,19,الشعراء,,,سورة الشعراء تراكمي,100,2,,,,,
121,19,النمل,,,377,30,1,,,,,
122,19,النمل,,,378,30,1,,,,,
123,19,النمل,,,دوري,30,0,,,,,
124,19,النمل,,,379,30,1,,,,,
125,19,النمل,,,380,30,1,,,,,
126,19,النمل,,,دوري,30,0,,,,,
127,19,النمل,,,381,30,1,,,,,
128,19,النمل,,,جزء 19 تراكمي,400,2,,,,,
129,20,النمل,,,382,30,1,,,,,
130,20,النمل,,,دوري,30,0,,,,,
131,20,النمل,,,383,30,1,,,,,
132,20,النمل,,,384,30,1,,,,,
133,20,النمل,,,385,30,1,,,,,
134,20,النمل,,,دوري,30,0,,,,,
135,20,النمل,,,سورة النمل تراكمي,85,2,,,,,
136,20,القصص,,,386,30,1,,,,,
137,20,القصص,,,387,30,1,,,,,
138,20,القصص,,,دوري,30,0,,,,,
139,20,القصص,,,388,30,1,,,,,
140,20,القصص,,,389,30,1,,,,,
141,20,القصص,,,دوري,30,0,,,,,
142,20,القصص,,,390,30,1,,,,,
143,20,القصص,,,391,30,1,,,,,
144,20,القصص,,,دوري,30,0,,,,,
145,20,القصص,,,392,30,1,,,,,
146,20,القصص,,,393,30,1,,,,,
147,20,القصص,,,دوري,30,0,,,,,
148,20,القصص,,,394,30,1,,,,,
149,20,القصص,,,395,30,1,,,,,
150,20,القصص,,,دوري,30,0,,,,,
151,20,القصص,,,396,30,1,,,,,
152,20,القصص,,,دوري,30,0,,,,,
153,20,القصص,,,سورة القصص تراكمي,110,2,,,,,
154,20,العنكبوت,,,397,30,1,,,,,
155,20,العنكبوت,,,398,30,1,,,,,
156,20,العنكبوت,,,دوري,30,0,,,,,
157,20,العنكبوت,,,399,30,1,,,,,
158,20,العنكبوت,,,400,30,1,,,,,
159,20,العنكبوت,,,دوري,30,0,,,,,
160,20,العنكبوت,,,401,30,1,,,,,
161,20,العنكبوت,,,جزء 20 تراكمي,400,2,,,,,
162,21,العنكبوت,,,402,30,1,,,,,
163,21,العنكبوت,,,دوري,30,0,,,,,
164,21,العنكبوت,,,403,30,1,,,,,
165,21,العنكبوت,,,404,30,1,,,,,
166,21,العنكبوت,,,دوري,30,0,,,,,
167,21,العنكبوت,,,سورة العنكبوت تراكمي,82,2,,,,,
168,21,الروم,,,405,30,1,,,,,
169,21,الروم,,,406,30,1,,,,,
170,21,الروم,,,دوري,30,0,,,,,
171,21,الروم,,,407,30,1,,,,,
172,21,الروم,,,408,30,1,,,,,
173,21,الروم,,,دوري,30,0,,,,,
174,21,الروم,,,409,30,1,,,,,
175,21,الروم,,,410,30,1,,,,,
176,21,الروم,,,دوري,30,0,,,,,
177,21,الروم,,,سورة الروم تراكمي,63,1,,,,,
178,21,لقمان,,,411,30,1,,,,,
179,21,لقمان,,,412,30,1,,,,,
180,21,لقمان,,,دوري,30,0,,,,,
181,21,لقمان,,,413,30,1,,,,,
182,21,لقمان,,,414,30,1,,,,,
183,21,لقمان,,,دوري,30,0,,,,,
184,21,لقمان,,,سورة لقمان تراكمي,40,1,,,,,
185,21,السجدة,,,415,30,1,,,,,
186,21,السجدة,,,416,30,1,,,,,
187,21,السجدة,,,417,30,1,,,,,
188,21,السجدة,,,دوري,30,0,,,,,
189,21,السجدة,,,سورة السجدة تراكمي,30,1,,,,,
190,21,الأحزاب,,,418,30,1,,,,,
191,21,الأحزاب,,,419,30,1,,,,,
192,21,الأحزاب,,,دوري,30,0,,,,,
193,21,الأحزاب,,,420,30,1,,,,,
194,21,الأحزاب,,,421,30,1,,,,,
195,21,الأحزاب,,,دوري,30,0,,,,,
196,21,الأحزاب,,,جزء 21 تراكمي,400,2,,,,,
197,21,الأحزاب,,,(19+20+21),600,3,1,,,,
198,22,الأحزاب,,,422,30,1,,,,,
199,22,الأحزاب,,,423,30,1,,,,,
200,22,الأحزاب,,,دوري,30,0,,,,,
201,22,الأحزاب,,,424,30,1,,,,,
202,22,الأحزاب,,,425,30,1,,,,,
203,22,الأحزاب,,,دوري,30,0,,,,,
204,22,الأحزاب,,,426,30,1,,,,,
205,22,الأحزاب,,,427,30,1,,,,,
206,22,الأحزاب,,,دوري,30,0,,,,,
207,22,الأحزاب,,,سورة الأحزاب تراكمي,100,2,,,,,
208,22,سبأ,,,428,30,1,,,,,
209,22,سبأ,,,429,30,1,,,,,
210,22,سبأ,,,دوري,30,0,,,,,
211,22,سبأ,,,430,30,1,,,,,
212,22,سبأ,,,431,30,1,,,,,
213,22,سبأ,,,دوري,30,0,,,,,
214,22,سبأ,,,432,30,1,,,,,
215,22,سبأ,,,433,30,1,,,,,
216,22,سبأ,,,دوري,30,0,,,,,
217,22,سبأ,,,434,30,1,,,,,
218,22,سبأ,,,دوري,30,0,,,,,
219,22,سبأ,,,سورة سبأ تراكمي,65,1,,,,,
220,22,فاطر,,,435,30,1,,,,,
221,22,فاطر,,,436,30,1,,,,,
222,22,فاطر,,,دوري,30,0,,,,,
223,22,فاطر,,,437,30,1,,,,,
224,22,فاطر,,,438,30,1,,,,,
225,22,فاطر,,,439,30,1,,,,,
226,22,فاطر,,,دوري,30,0,,,,,
227,22,فاطر,,,سورة فاطر تراكمي,57,1,,,,,
228,22,يس,,,440,30,1,,,,,
229,22,يس,,,441,30,1,,,,,
230,22,يس,,,دوري,30,0,,,,,
231,22,يس,,,جزء 22 تراكمي,400,2,,,,,
232,23,يس,,,442,30,1,,,,,
233,23,يس,,,443,30,1,,,,,
234,23,يس,,,دوري,30,0,,,,,
235,23,يس,,,444,30,1,,,,,
236,23,يس,,,445,30,1,,,,,
237,23,يس,,,دوري,30,0,,,,,
238,23,يس,,,سورة يس تراكمي,58,1,,,,,
239,23,الصافات,,,446,30,1,,,,,
240,23,الصافات,,,447,30,1,,,,,
241,23,الصافات,,,دوري,30,0,,,,,
242,23,الصافات,,,448,30,1,,,,,
243,23,الصافات,,,449,30,1,,,,,
244,23,الصافات,,,دوري,30,0,,,,,
245,23,الصافات,,,450,30,1,,,,,
246,23,الصافات,,,451,30,1,,,,,
247,23,الصافات,,,452,30,1,,,,,
248,23,الصافات,,,دوري,30,0,,,,,
249,23,الصافات,,,سورة الصافات تراكمي,70,2,,,,,
250,23,ص,,,453,30,1,,,,,
251,23,ص,,,454,30,1,,,,,
252,23,ص,,,دوري,30,0,,,,,
253,23,ص,,,455,30,1,,,,,
254,23,ص,,,456,30,1,,,,,
255,23,ص,,,457,30,1,,,,,
256,23,ص,,,دوري,30,0,,,,,
257,23,ص,,,سورة ص تراكمي,52,1,,,,,
258,23,الزمر,,,458,30,1,,,,,
259,23,الزمر,,,459,30,1,,,,,
260,23,الزمر,,,دوري,30,0,,,,,
261,23,الزمر,,,460,30,1,,,,,
262,23,الزمر,,,461,30,1,,,,,
263,23,الزمر,,,دوري,30,0,,,,,
264,23,الزمر,,,جزء 23 تراكمي,400,2,,,,,
265,24,الزمر,,,462,30,1,,,,,
266,24,الزمر,,,463,30,1,,,,,
267,24,الزمر,,,دوري,30,0,,,,,
268,24,الزمر,,,464,30,1,,,,,
269,24,الزمر,,,465,30,1,,,,,
270,24,الزمر,,,466,30,1,,,,,
271,24,الزمر,,,دوري,30,0,,,,,
272,24,الزمر,,,سورة الزمر تراكمي,90,2,,,,,
273,24,غافر,,,467,30,1,,,,,
274,24,غافر,,,468,30,1,,,,,
275,24,غافر,,,دوري,30,0,,,,,
276,24,غافر,,,469,30,1,,,,,
277,24,غافر,,,470,30,1,,,,,
278,24,غافر,,,دوري,30,0,,,,,
279,24,غافر,,,471,30,1,,,,,
280,24,غافر,,,472,30,1,,,,,
281,24,غافر,,,دوري,30,0,,,,,
282,24,غافر,,,473,30,1,,,,,
283,24,غافر,,,474,30,1,,,,,
284,24,غافر,,,دوري,30,0,,,,,
285,24,غافر,,,475,30,1,,,,,
286,24,غافر,,,476,30,1,,,,,
287,24,غافر,,,دوري,30,0,,,,,
288,24,غافر,,,سورة غافر تراكمي,100,2,,,,,
289,24,فصلت,,,477,30,1,,,,,
290,24,فصلت,,,478,30,1,,,,,
291,24,فصلت,,,دوري,30,0,,,,,
292,24,فصلت,,,479,30,1,,,,,
293,24,فصلت,,,480,30,1,,,,,
294,24,فصلت,,,دوري,30,0,,,,,
295,24,فصلت,,,481,30,1,,,,,
296,24,فصلت,,,جزء 24 تراكمي,400,2,,,,,
297,24,فصلت,,,(22 + 23 + 24),600,3,1,,,,
298,25,فصلت,,,482,30,1,,,,,
299,25,فصلت,,,دوري,30,0,,,,,
300,25,فصلت,,,سورة فصلت تراكمي,60,1,,,,,
301,25,الشورى,,,483,30,1,,,,,
302,25,الشورى,,,484,30,1,,,,,
303,25,الشورى,,,دوري,30,0,,,,,
304,25,الشورى,,,485,30,1,,,,,
305,25,الشورى,,,486,30,1,,,,,
306,25,الشورى,,,دوري,30,0,,,,,
307,25,الشورى,,,487,30,1,,,,,
308,25,الشورى,,,488,30,1,,,,,
309,25,الشورى,,,دوري,30,0,,,,,
310,25,الشورى,,,سورة الشورى تراكمي,64,1,,,,,
311,25,الزخرف,,,489,30,1,,,,,
312,25,الزخرف,,,490,30,1,,,,,
313,25,الزخرف,,,دوري,30,0,,,,,
314,25,الزخرف,,,491,30,1,,,,,
315,25,الزخرف,,,492,30,1,,,,,
316,25,الزخرف,,,دوري,30,0,,,,,
317,25,الزخرف,,,493,30,1,,,,,
318,25,الزخرف,,,494,30,1,,,,,
319,25,الزخرف,,,495,30,1,,,,,
320,25,الزخرف,,,دوري,30,0,,,,,
321,25,الزخرف,,,سورة الزخرف تراكمي,66,1,,,,,
322,25,الدخان,,,496,30,1,,,,,
323,25,الدخان,,,497,30,1,,,,,
324,25,الدخان,,,498,30,1,,,,,
325,25,الدخان,,,دوري,30,0,,,,,
326,25,الدخان,,,سورة الدخان تراكمي,30,1,,,,,
327,25,الجاثية,,,499,30,1,,,,,
328,25,الجاثية,,,500,30,1,,,,,
329,25,الجاثية,,,دوري,30,0,,,,,
330,25,الجاثية,,,501,30,1,,,,,
331,26,الجاثية,,,502,30,1,,,,,
332,26,الجاثية,,,دوري,30,0,,,,,
333,26,الجاثية,,,سورة الجاثية تراكمي,35,1,,,,,
334,26,الأحقاف,,,جزء 25 تراكمي,400,2,,,,,
335,26,الأحقاف,,,503,30,1,,,,,
336,26,الأحقاف,,,504,30,1,,,,,
337,26,الأحقاف,,,دوري,30,0,,,,,
338,26,الأحقاف,,,505,30,1,,,,,
339,26,الأحقاف,,,506,30,1,,,,,
340,26,الأحقاف,,,دوري,30,0,,,,,
341,26,الأحقاف,,,سورة الأحقاف تراكمي,45,1,,,,,
342,26,محمد,,,507,30,1,,,,,
343,26,محمد,,,508,30,1,,,,,
344,26,محمد,,,دوري,30,0,,,,,
345,26,محمد,,,509,30,1,,,,,
346,26,محمد,,,510,30,1,,,,,
347,26,محمد,,,دوري,30,0,,,,,
348,26,محمد,,,سورة محمد تراكمي,40,1,,,,,
349,26,الفتح,,,511,30,1,,,,,
350,26,الفتح,,,512,30,1,,,,,
351,26,الفتح,,,دوري,30,0,,,,,
352,26,الفتح,,,513,30,1,,,,,
353,26,الفتح,,,514,30,1,,,,,
354,26,الفتح,,,515,30,1,,,,,
355,26,الفتح,,,دوري,30,0,,,,,
356,26,الفتح,,,سورة الفتح تراكمي,45,1,,,,,
357,26,الحجرات,,,516,30,1,,,,,
358,26,الحجرات,,,517,30,1,,,,,
359,26,الحجرات,,,دوري,30,0,,,,,
360,26,الحجرات,,,سورة الحجرات تراكمي,25,1,,,,,
361,26,ق,,,518,30,1,,,,,
362,26,ق,,,519,30,1,,,,,
363,26,ق,,,520,30,1,,,,,
364,26,ق,,,دوري,30,0,,,,,
365,26,ق,,,سورة ق تراكمي,28,1,,,,,
366,26,الذاريات,,,521,30,1,,,,,
367,26,الذاريات,,,جزء 26 تراكمي,400,2,,,,,
368,27,الذاريات,,,522,30,1,,,,,
369,27,الذاريات,,,523,30,1,,,,,
370,27,الذاريات,,,دوري,30,0,,,,,
371,27,الذاريات,,,سورة الذاريات تراكمي,27,1,,,,,
372,27,الطور,,,524,30,1,,,,,
373,27,الطور,,,525,30,1,,,,,
374,27,الطور,,,دوري,30,0,,,,,
375,27,الطور,,,سورة الطور تراكمي,25,1,,,,,
376,27,النجم,,,526,30,1,,,,,
377,27,النجم,,,527,30,1,,,,,
378,27,النجم,,,528,30,1,,,,,
379,27,النجم,,,دوري,30,0,,,,,
380,27,النجم,,,سورة النجم تراكمي,25,1,,,,,
381,27,القمر,,,529,30,1,,,,,
382,27,القمر,,,530,30,1,,,,,
383,27,القمر,,,دوري,30,0,,,,,
384,27,القمر,,,سورة القمر تراكمي,28,1,,,,,
385,27,الرحمن,,,531,30,1,,,,,
386,27,الرحمن,,,532,30,1,,,,,
387,27,الرحمن,,,دوري,30,0,,,,,
388,27,الرحمن,,,533,30,1,,,,,
389,27,الرحمن,,,534,30,1,,,,,
390,27,الرحمن,,,دوري,30,0,,,,,
391,27,الرحمن,,,سورة الرحمن تراكمي,32,1,,,,,
392,27,الواقعة,,,535,30,1,,,,,
393,27,الواقعة,,,536,30,1,,,,,
394,27,الواقعة,,,537,30,1,,,,,
395,27,الواقعة,,,دوري,30,0,,,,,
396,27,الواقعة,,,سورة الواقعة تراكمي,35,1,,,,,
397,27,الحديد,,,538,30,1,,,,,
398,27,الحديد,,,539,30,1,,,,,
399,27,الحديد,,,دوري,30,0,,,,,
400,27,الحديد,,,540,30,1,,,,,
401,27,الحديد,,,541,30,1,,,,,
402,27,الحديد,,,دوري,30,0,,,,,
403,27,الحديد,,,سورة الحديد تراكمي,40,1,,,,,
404,27,الحديد,,,جزء 27 تراكمي,400,2,,,,,
405,27,الحديد,,,(25+26+27),600,3,1,,,,
406,28,المجادلة,,,تسميع 542,30,1,,,,,
407,28,المجادلة,,,تسميع 543,30,1,,,,,
408,28,المجادلة,,,تسميع 544,30,1,,,,,
409,28,المجادلة,,,تسميع (542 - 544),60,0,,,,,
410,28,المجادلة,الحشر,,تسميع 545,30,1,,,,,
411,28,الحشر,,,تسميع 546,30,1,,,,,
412,28,الحشر,,,تسميع 547,30,1,,,,,
413,28,الحشر,,,تسميع (545 - 547),60,0,,,,,
414,28,الحشر,,,تسميع (542 - 547),60,0,,,,,
415,28,الحشر,,,تسميع 548,30,1,,,,,
416,28,الممتحنة,,,تسميع 549,30,1,,,,,
417,28,الممتحنة,,,تسميع 550,30,1,,,,,
418,28,الممتحنة,,,تسميع (548 - 550),60,0,,,,,
419,28,الممتحنة,,,تسميع (542 - 550),90,0,,,,,
420,28,الممتحنة,الصف,,تسميع 551,30,1,,,,,
421,28,الصف,,,تسميع 552,30,1,,,,,
422,28,الصف,,,تسميع 553,30,1,,,,,
423,28,الصف,,,تسميع (551 - 553),60,0,,,,,
424,28,الجمعة,,,تسميع (542 - 553),120,1,,,,,
425,28,الجمعة,المنافقون,,تسميع 554,30,1,,,,,
426,28,المنافقون,,,تسميع 555,30,1,,,,,
427,28,التغابن,,,تسميع 556,30,1,,,,,
428,28,التغابن,,,تسميع (554 - 556),60,0,,,,,
429,28,التغابن,,,تسميع (542 - 556),150,1,,,,,
430,28,التغابن,,,تسميع 557,30,1,,,,,
431,28,الطلاق,,,تسميع 558,30,1,,,,,
432,28,الطلاق,,,تسميع 559,30,1,,,,,
433,28,الطلاق,,,تسميع (557 - 559),60,0,,,,,
434,28,الطلاق,,,تسميع (542 - 559),180,1,,,,,
435,28,التحريم ,,,تسميع 560,30,1,,,,,
436,28,التحريم ,,,تسميع 561,30,1,,,,,
437,28,التحريم ,,,تسميع (560 - 561),60,0,,,,,
438,28,التحريم ,,,تسميع جزء قد سمع تراكمي,600,2,,,,,
439,29,الملك,,,تسميع 562,30,1,,,,,
440,29,الملك,,,تسميع 563,30,1,,,,,
441,29,الملك,القلم,,تسميع 564,30,1,,,,,
442,29,القلم,,,تسميع (562 - 564),60,0,,,,,
443,29,القلم,,,تسميع 565,30,1,,,,,
444,29,القلم,الحاقة,,تسميع 566,30,1,,,,,
445,29,الحاقة,,,تسميع 567,30,1,,,,,
446,29,الحاقة,,,تسميع (565 - 567),60,0,,,,,
447,29,الحاقة,,,تسميع (562 - 567),60,0,,,,,
448,29,الحاقة,المعارج,,تسميع 568,30,1,,,,,
449,29,المعارج,,,تسميع 569,30,1,,,,,
450,29,المعارج,نوح,,تسميع 570,30,1,,,,,
451,29,نوح,,,تسميع (568 - 570),60,0,,,,,
452,29,نوح,,,تسميع (562 - 570),90,0,,,,,
453,29,نوح,,,تسميع 571,30,1,,,,,
454,29,الجن,,,تسميع 572,30,1,,,,,
455,29,الجن,,,تسميع 573,30,1,,,,,
456,29,الجن,,,تسميع (571 - 573),60,0,,,,,
457,29,الجن,,,تسميع (562 - 573),120,1,,,,,
458,29,المزمل,,,تسميع 574,30,1,,,,,
459,29,المزمل,المدثر,,تسميع 575,30,1,,,,,
460,29,المدثر,,,تسميع 576,30,1,,,,,
461,29,المدثر,,,تسميع (574 - 576),60,0,,,,,
462,29,المدثر,,,تسميع (562 - 576),150,1,,,,,
463,29,المدثر,القيامة,,تسميع 577,30,1,,,,,
464,29,القيامة,الانسان,,تسميع 578,30,1,,,,,
465,29,الانسان,,,تسميع 579,30,1,,,,,
466,29,الانسان,,,تسميع (577 - 579),60,0,,,,,
467,29,الانسان,,,تسميع (562 - 579),180,1,,,,,
468,29,الانسان,المرسلات,,تسميع 580,30,1,,,,,
469,29,المرسلات,,,تسميع 581,30,1,,,,,
470,29,المرسلات,,,تسميع (580 - 581),60,0,,,,,
471,29,المرسلات,,,تسميع جزء تبارك تراكمي,600,2,,,,,
472,30,النبأ,,,تسميع 582,10,1,,,,,
473,30,النبأ,النازعات,,تسميع 583,30,1,,,,,
474,30,النازعات,,,تسميع 584,30,1,,,,,
475,30,النازعات,,,تسميع (582 - 584),60,0,,,,,
476,30,عبس,,,تسميع 585,30,1,,,,,
477,30,التكوير,,,تسميع 586,30,1,,,,,
478,30,الانفطار,المطففين,,تسميع 587,30,1,,,,,
479,30,المطففين,,,تسميع (585 - 587),60,0,,,,,
480,30,المطففين,,,تسميع (582 - 587),60,0,,,,,
481,30,المطففين,,,تسميع 588,30,1,,,,,
482,30,الانشقاق,,,تسميع 589,30,1,,,,,
483,30,البروج,,,تسميع 590,30,1,,,,,
484,30,البروج,,,تسميع (588 - 590),60,0,,,,,
485,30,البروج,,,تسميع (582 - 590),90,0,,,,,
486,30,الطارق,الأعلى,,تسميع 591,30,1,,,,,
487,30,الغاشية,,,تسميع 592,30,1,,,,,
488,30,الفجر,,,تسميع 593,30,1,,,,,
489,30,الفجر,,,تسميع (591 - 593),60,0,,,,,
490,30,الفجر,,,تسميع (582 - 593),120,1,,,,,
491,30,البلد,,,تسميع 594,30,1,,,,,
492,30,الشمس,الليل,,تسميع 595,30,1,,,,,
493,30,الضحى,الشرح,,تسميع 596,30,1,,,,,
494,30,الشرح,,,تسميع (594 - 596),60,0,,,,,
495,30,الشرح,,,تسميع (582 - 596),150,1,,,,,
496,30,التين,العلق,,تسميع 597,30,1,,,,,
497,30,القدر,البينة,,تسميع 598,30,1,,,,,
498,30,الزلزلة,العاديات,,تسميع 599,30,1,,,,,
499,30,العاديات,,,تسميع (597 - 599),60,0,,,,,
500,30,العاديات,,,تسميع (582 - 599),180,1,,,,,
501,30,القارعة,التكاثر,,تسميع 600,30,1,,,,,
502,30,العصر,الهمزة,الفيل,تسميع 601,30,1,,,,,
503,30,قريش,الماعون,الكوثر,تسميع 602,30,1,,,,,
504,30,الكافرون,النصر,المسد,تسميع 603,30,1,,,,,
505,30,الإخلاص,الفلق,الناس,تسميع 604,30,1,,,,,
506,30,الناس,,,تسميع (600 - 604),60,0,,,,,
507,30,الناس,,,تسميع جزء عم تراكمي,600,2,,,,,
508,28,الناس,,,تسميع جزء عمّ + جزء تبارك + قد سمع,600,3,1,,,,
509,1,الفاتحة,,,1,30,1,,,,,
510,1,البقرة,,,2,30,1,,,,,
511,1,البقرة,,,من [1-2],20,0,,,,,
512,1,البقرة,,,3,30,1,,,,,
513,1,البقرة,,,من [1-3],20,0,,,,,
514,1,البقرة,,,4,30,1,,,,,
515,1,البقرة,,,من [1-4],20,0,,,,,
516,1,البقرة,,,5,30,1,,,,,
517,1,البقرة,,,من [1-5],20,0,,,,,
518,1,البقرة,,,6,30,1,,,,,
519,1,البقرة,,,من [1-6],20,0,,,,,
520,1,البقرة,,,7,30,1,,,,,
521,1,البقرة,,,من [1-7],20,0,,,,,
522,1,البقرة,,,8,30,1,,,,,
523,1,البقرة,,,من [1-8],20,0,,,,,
524,1,البقرة,,,9,30,1,,,,,
525,1,البقرة,,,من [1-9],20,0,,,,,
526,1,البقرة,,,10,30,1,,,,,
527,1,البقرة,,,من [1-10],20,0,,,,,
528,1,البقرة,,,11,30,1,,,,,
529,1,البقرة,,,12,30,1,,,,,
530,1,البقرة,,,من [11-12],20,0,,,,,
531,1,البقرة,,,13,30,1,,,,,
532,1,البقرة,,,من [11-13],20,0,,,,,
533,1,البقرة,,,14,30,1,,,,,
534,1,البقرة,,,من [11-14],20,0,,,,,
535,1,البقرة,,,15,30,1,,,,,
536,1,البقرة,,,من [11-15],20,0,,,,,
537,1,البقرة,,,16,30,1,,,,,
538,1,البقرة,,,من [11-16],20,0,,,,,
539,1,البقرة,,,17,30,1,,,,,
540,1,البقرة,,,من [11-17],20,0,,,,,
541,1,البقرة,,,18,30,1,,,,,
542,1,البقرة,,,من [11-18],20,0,,,,,
543,1,البقرة,,,19,30,1,,,,,
544,1,البقرة,,,من [11-19],20,0,,,,,
545,1,البقرة,,,20,30,1,,,,,
546,1,البقرة,,,من [11-20],20,0,,,,,
547,1,البقرة,,,تسميع الجزء,100,2,,,,,
548,2,البقرة,,,21,30,1,,,,,
549,2,البقرة,,,22,30,1,,,,,
550,2,البقرة,,,من [21-22],20,0,,,,,
551,2,البقرة,,,23,30,1,,,,,
552,2,البقرة,,,من [21-23],20,0,,,,,
553,2,البقرة,,,24,30,1,,,,,
554,2,البقرة,,,من [21-24],20,0,,,,,
555,2,البقرة,,,25,30,1,,,,,
556,2,البقرة,,,من [21-25],20,0,,,,,
557,2,البقرة,,,26,30,1,,,,,
558,2,البقرة,,,من [21-26],20,0,,,,,
559,2,البقرة,,,27,30,1,,,,,
560,2,البقرة,,,من [21-27],20,0,,,,,
561,2,البقرة,,,28,30,1,,,,,
562,2,البقرة,,,من [21-28],20,0,,,,,
563,2,البقرة,,,29,30,1,,,,,
564,2,البقرة,,,من [21-29],20,0,,,,,
565,2,البقرة,,,30,30,1,,,,,
566,2,البقرة,,,من [21-30],20,0,,,,,
567,2,البقرة,,,تسميع جزء ونصف,100,3,1,,,,
568,2,البقرة,,,31,30,1,,,,,
569,2,البقرة,,,32,30,1,,,,,
570,2,البقرة,,,من [31-32],20,0,,,,,
571,2,البقرة,,,33,30,1,,,,,
572,2,البقرة,,,من [31-33],20,0,,,,,
573,2,البقرة,,,34,30,1,,,,,
574,2,البقرة,,,من [31-34],20,0,,,,,
575,2,البقرة,,,35,30,1,,,,,
576,2,البقرة,,,من [31-35],20,0,,,,,
577,2,البقرة,,,36,30,1,,,,,
578,2,البقرة,,,من [31-36],20,0,,,,,
579,2,البقرة,,,37,30,1,,,,,
580,2,البقرة,,,من [31-37],20,0,,,,,
581,2,البقرة,,,38,30,1,,,,,
582,2,البقرة,,,من [31-38],20,0,,,,,
583,2,البقرة,,,39,30,1,,,,,
584,2,البقرة,,,من [31-39],20,0,,,,,
585,2,البقرة,,,40,30,1,,,,,
586,2,البقرة,,,من [31-40],20,0,,,,,
587,2,البقرة,,,تسميع الجزئين,100,3,1,,,,
588,3,البقرة,,,41,30,1,,,,,
589,3,البقرة,,,42,30,1,,,,,
590,3,البقرة,,,من [41-42],20,0,,,,,
591,3,البقرة,,,43,30,1,,,,,
592,3,البقرة,,,من [41-43],20,0,,,,,
593,3,البقرة,,,44,30,1,,,,,
594,3,البقرة,,,من [41-44],20,0,,,,,
595,3,البقرة,,,45,30,1,,,,,
596,3,البقرة,,,من [41-45],20,0,,,,,
597,3,البقرة,,,46,30,1,,,,,
598,3,البقرة,,,من [41-46],20,0,,,,,
599,3,البقرة,,,47,30,1,,,,,
600,3,البقرة,,,من [41-47],20,0,,,,,
601,3,البقرة,,,48,30,1,,,,,
602,3,البقرة,,,من [41-48],20,0,,,,,
603,3,البقرة,,,49,30,1,,,,,
604,3,البقرة,,,من [41-49],20,0,,,,,
605,3,البقرة,,,تسميع سورة البقرة,1500,3,1,,,,
606,3,آل عمران,,,50,30,1,,,,,
607,3,آل عمران,,,51,30,1,,,,,
608,3,آل عمران,,,من [50-51],20,0,,,,,
609,3,آل عمران,,,52,30,1,,,,,
610,3,آل عمران,,,من [50-52],20,0,,,,,
611,3,آل عمران,,,53,30,1,,,,,
612,3,آل عمران,,,من [50-53],20,0,,,,,
613,3,آل عمران,,,54,30,1,,,,,
614,3,آل عمران,,,من [50-54],20,0,,,,,
615,3,آل عمران,,,55,30,1,,,,,
616,3,آل عمران,,,من [50-55],20,0,,,,,
617,3,آل عمران,,,56,30,1,,,,,
618,3,آل عمران,,,من [50-56],20,0,,,,,
619,3,آل عمران,,,57,30,1,,,,,
620,3,آل عمران,,,من [50-57],20,0,,,,,
621,3,آل عمران,,,58,30,1,,,,,
622,3,آل عمران,,,من [50-58],20,0,,,,,
623,3,آل عمران,,,59,30,1,,,,,
624,3,آل عمران,,,من [50-59],20,0,,,,,
625,3,آل عمران,,,60,30,1,,,,,
626,3,آل عمران,,,61,30,1,,,,,
627,3,آل عمران,,,من [60-61],20,0,,,,,
628,4,آل عمران,,,62,30,1,,,,,
629,4,آل عمران,,,من [60-62],20,0,,,,,
630,4,آل عمران,,,63,30,1,,,,,
631,4,آل عمران,,,من [60-63],20,0,,,,,
632,4,آل عمران,,,64,30,1,,,,,
633,4,آل عمران,,,من [60-64],20,0,,,,,
634,4,آل عمران,,,65,30,1,,,,,
635,4,آل عمران,,,من [60-65],20,0,,,,,
636,4,آل عمران,,,66,30,1,,,,,
637,4,آل عمران,,,من [60-66],20,0,,,,,
638,4,آل عمران,,,67,30,1,,,,,
639,4,آل عمران,,,من [60-67],20,0,,,,,
640,4,آل عمران,,,68,30,1,,,,,
641,4,آل عمران,,,من [60-68],20,0,,,,,
642,4,آل عمران,,,69,30,1,,,,,
643,4,آل عمران,,,من [60-69],20,0,,,,,
644,4,آل عمران,,,تسميع الجزء,100,2,,,,,
645,4,آل عمران,,,70,30,1,,,,,
646,4,آل عمران,,,71,30,1,,,,,
647,4,آل عمران,,,من [70-71],20,0,,,,,
648,4,آل عمران,,,72,30,1,,,,,
649,4,آل عمران,,,من [70-72],20,0,,,,,
650,4,آل عمران,,,73,30,1,,,,,
651,4,آل عمران,,,من [70-73],20,0,,,,,
652,4,آل عمران,,,74,30,1,,,,,
653,4,آل عمران,,,من [70-74],20,0,,,,,
654,4,آل عمران,,,75,30,1,,,,,
655,4,آل عمران,,,من [70-75],20,0,,,,,
656,4,آل عمران,,,76,30,1,,,,,
657,4,آل عمران,,,من [70-76],20,0,,,,,
658,4,آل عمران,,,تسميع سورة آل عمران,1000,3,1,,,,
659,4,النساء,,,77,30,1,,,,,
660,4,النساء,,,78,30,1,,,,,
661,4,النساء,,,من [77-78],20,0,,,,,
662,4,النساء,,,79,30,1,,,,,
663,4,النساء,,,من [77-79],20,0,,,,,
664,4,النساء,,,80,30,1,,,,,
665,4,النساء,,,من [77-80],20,0,,,,,
666,4,النساء,,,81,30,1,,,,,
667,4,النساء,,,من [77-81],20,0,,,,,
668,5,النساء,,,82,30,1,,,,,
669,5,النساء,,,من [77-82],20,0,,,,,
670,5,النساء,,,83,30,1,,,,,
671,5,النساء,,,من [77-83],20,0,,,,,
672,5,النساء,,,84,30,1,,,,,
673,5,النساء,,,من [77-84],20,0,,,,,
674,5,النساء,,,85,30,1,,,,,
675,5,النساء,,,من [77-85],20,0,,,,,
676,5,النساء,,,86,30,1,,,,,
677,5,النساء,,,من [77-86],20,0,,,,,
678,5,النساء,,,87,30,1,,,,,
679,5,النساء,,,88,30,1,,,,,
680,5,النساء,,,من [87-88],20,0,,,,,
681,5,النساء,,,89,30,1,,,,,
682,5,النساء,,,من [87-89],20,0,,,,,
683,5,النساء,,,90,30,1,,,,,
684,5,النساء,,,من [87-90],20,0,,,,,
685,5,النساء,,,91,30,1,,,,,
686,5,النساء,,,من [87-91],20,0,,,,,
687,5,النساء,,,92,30,1,,,,,
688,5,النساء,,,من [87-92],20,0,,,,,
689,5,النساء,,,93,30,1,,,,,
690,5,النساء,,,من [87-93],20,0,,,,,
691,5,النساء,,,94,30,1,,,,,
692,5,النساء,,,من [87-94],20,0,,,,,
693,5,النساء,,,95,30,1,,,,,
694,5,النساء,,,من [87-95],20,0,,,,,
695,5,النساء,,,96,30,1,,,,,
696,5,النساء,,,من [87-96],20,0,,,,,
697,5,النساء,,,تسميع الجزء,100,2,,,,,
698,5,النساء,,,97,30,1,,,,,
699,5,النساء,,,98,30,1,,,,,
700,5,النساء,,,من [97-98],20,0,,,,,
701,5,النساء,,,99,30,1,,,,,
702,5,النساء,,,من [97-99],20,0,,,,,
703,5,النساء,,,100,30,1,,,,,
704,5,النساء,,,من [97-100],20,0,,,,,
705,5,النساء,,,101,30,1,,,,,
706,5,النساء,,,من [97-101],20,0,,,,,
707,6,النساء,,,102,30,1,,,,,
708,6,النساء,,,من [97-102],20,0,,,,,
709,6,النساء,,,103,30,1,,,,,
710,6,النساء,,,من [97-103],20,0,,,,,
711,6,النساء,,,104,30,1,,,,,
712,6,النساء,,,من [97-104],20,0,,,,,
713,6,النساء,,,105,30,1,,,,,
714,6,النساء,,,من [97-105],20,0,,,,,
715,6,النساء,,,تسميع سورة النساء,1000,3,1,,,,
716,6,المائدة,,,106,30,1,,,,,
717,6,المائدة,,,107,30,1,,,,,
718,6,المائدة,,,من [106-107],20,0,,,,,
719,6,المائدة,,,108,30,1,,,,,
720,6,المائدة,,,من [106-108],20,0,,,,,
721,6,المائدة,,,109,30,1,,,,,
722,6,المائدة,,,من [106-109],20,0,,,,,
723,6,المائدة,,,110,30,1,,,,,
724,6,المائدة,,,من [106-110],20,0,,,,,
725,6,المائدة,,,111,30,1,,,,,
726,6,المائدة,,,من [106-111],20,0,,,,,
727,6,المائدة,,,112,30,1,,,,,
728,6,المائدة,,,من [106-112],20,0,,,,,
729,6,المائدة,,,113,30,1,,,,,
730,6,المائدة,,,من [106-113],20,0,,,,,
731,6,المائدة,,,114,30,1,,,,,
732,6,المائدة,,,من [106-114],20,0,,,,,
733,6,المائدة,,,115,30,1,,,,,
734,6,المائدة,,,من [106 - 115],20,0,,,,,
735,6,المائدة,,,116,30,1,,,,,
736,6,المائدة,,,من [106 - 116],20,0,,,,,
737,6,المائدة,,,117,30,1,,,,,
738,6,المائدة,,,118,30,1,,,,,
739,6,المائدة,,,من [117 - 118],20,0,,,,,
740,6,المائدة,,,119,30,1,,,,,
741,6,المائدة,,,من [117 - 119],20,0,,,,,
742,6,المائدة,,,120,30,1,,,,,
743,6,المائدة,,,من [117-120],20,0,,,,,
744,7,المائدة,,,121,30,1,,,,,
745,7,المائدة,,,من [117-121],20,0,,,,,
746,7,المائدة,,,122,30,1,,,,,
747,7,المائدة,,,من [117-122],20,0,,,,,
748,7,المائدة,,,123,30,1,,,,,
749,7,المائدة,,,من [117-123],20,0,,,,,
750,7,المائدة,,,124,30,1,,,,,
751,7,المائدة,,,من [117-124],20,0,,,,,
752,7,المائدة,,,125,30,1,,,,,
753,7,المائدة,,,من [117-125],20,0,,,,,
754,7,المائدة,,,126,30,1,,,,,
755,7,المائدة,,,من [117-126],20,0,,,,,
756,7,المائدة,,,127,30,1,,,,,
757,7,المائدة,,,من [117-127],20,0,,,,,
758,7,المائدة,,,تسميع سورة المائدة,500,3,1,,,,
759,7,الأنعام,,,128,30,1,,,,,
760,7,الأنعام,,,129,30,1,,,,,
761,7,الأنعام,,,من [128-129],20,0,,,,,
762,7,الأنعام,,,130,30,1,,,,,
763,7,الأنعام,,,من [128-130],20,0,,,,,
764,7,الأنعام,,,131,30,1,,,,,
765,7,الأنعام,,,من [128-131],20,0,,,,,
766,7,الأنعام,,,132,30,1,,,,,
767,7,الأنعام,,,من [128-132],20,0,,,,,
768,7,الأنعام,,,133,30,1,,,,,
769,7,الأنعام,,,من [128-133],20,0,,,,,
770,7,الأنعام,,,134,30,1,,,,,
771,7,الأنعام,,,من [128-134],20,0,,,,,
772,7,الأنعام,,,135,30,1,,,,,
773,7,الأنعام,,,من [128-135],20,0,,,,,
774,7,الأنعام,,,136,30,1,,,,,
775,7,الأنعام,,,من [128-136],20,0,,,,,
776,7,الأنعام,,,137,30,1,,,,,
777,7,الأنعام,,,من [128-137],20,0,,,,,
778,7,الأنعام,,,138,30,1,,,,,
779,7,الأنعام,,,من [128-138],20,0,,,,,
780,7,الأنعام,,,139,30,1,,,,,
781,7,الأنعام,,,من [128-139],20,0,,,,,
782,7,الأنعام,,,140,30,1,,,,,
783,7,الأنعام,,,من [128-140],20,0,,,,,
784,7,الأنعام,,,141,30,1,,,,,
785,8,الأنعام,,,142,30,1,,,,,
786,8,الأنعام,,,من [141-142],20,0,,,,,
787,8,الأنعام,,,143,30,1,,,,,
788,8,الأنعام,,,من [141-143],20,0,,,,,
789,8,الأنعام,,,144,30,1,,,,,
790,8,الأنعام,,,من [141-144],20,0,,,,,
791,8,الأنعام,,,145,30,1,,,,,
792,8,الأنعام,,,من [141-145],20,0,,,,,
793,8,الأنعام,,,146,30,1,,,,,
794,8,الأنعام,,,من [141-146],20,0,,,,,
795,8,الأنعام,,,147,30,1,,,,,
796,8,الأنعام,,,من [141-147],20,0,,,,,
797,8,الأنعام,,,148,30,1,,,,,
798,8,الأنعام,,,من [141-148],20,0,,,,,
799,8,الأنعام,,,149,30,1,,,,,
800,8,الأنعام,,,من [141-149],20,0,,,,,
801,8,الأنعام,,,150,30,1,,,,,
802,8,الأنعام,,,من [141-150],20,0,,,,,
803,8,الأنعام,,,تسميع سورة الأنعام,500,3,1,,,,
804,8,الأعراف,,,151,30,1,,,,,
805,8,الأعراف,,,152,30,1,,,,,
806,8,الأعراف,,,من [151-152],20,0,,,,,
807,8,الأعراف,,,153,30,1,,,,,
808,8,الأعراف,,,من [151-153],20,0,,,,,
809,8,الأعراف,,,154,30,1,,,,,
810,8,الأعراف,,,من [151-154],20,0,,,,,
811,8,الأعراف,,,155,30,1,,,,,
812,8,الأعراف,,,من [151-155],20,0,,,,,
813,8,الأعراف,,,156,30,1,,,,,
814,8,الأعراف,,,من [151-156],20,0,,,,,
815,8,الأعراف,,,157,30,1,,,,,
816,8,الأعراف,,,من [151-157],20,0,,,,,
817,8,الأعراف,,,158,30,1,,,,,
818,8,الأعراف,,,من [151-158],20,0,,,,,
819,8,الأعراف,,,159,30,1,,,,,
820,8,الأعراف,,,من [151-159],20,0,,,,,
821,8,الأعراف,,,160,30,1,,,,,
822,8,الأعراف,,,من [151-160],20,0,,,,,
823,8,الأعراف,,,161,30,1,,,,,
824,8,الأعراف,,,من [151-161],20,0,,,,,
825,9,الأعراف,,,162,30,1,,,,,
826,9,الأعراف,,,من [151-162],20,0,,,,,
827,9,الأعراف,,,163,30,1,,,,,
828,9,الأعراف,,,من [151-163],20,0,,,,,
829,9,الأعراف,,,164,30,1,,,,,
830,9,الأعراف,,,165,30,1,,,,,
831,9,الأعراف,,,من [164-165],20,0,,,,,
832,9,الأعراف,,,166,30,1,,,,,
833,9,الأعراف,,,من [164-166],20,0,,,,,
834,9,الأعراف,,,167,30,1,,,,,
835,9,الأعراف,,,من [164-167],20,0,,,,,
836,9,الأعراف,,,168,30,1,,,,,
837,9,الأعراف,,,من [164-168],20,0,,,,,
838,9,الأعراف,,,169,30,1,,,,,
839,9,الأعراف,,,من [164-169],20,0,,,,,
840,9,الأعراف,,,170,30,1,,,,,
841,9,الأعراف,,,من [164-170],20,0,,,,,
842,9,الأعراف,,,171,30,1,,,,,
843,9,الأعراف,,,من [164-171],20,0,,,,,
844,9,الأعراف,,,172,30,1,,,,,
845,9,الأعراف,,,من [164-172],20,0,,,,,
846,9,الأعراف,,,173,30,1,,,,,
847,9,الأعراف,,,من [164-173],20,0,,,,,
848,9,الأعراف,,,174,30,1,,,,,
849,9,الأعراف,,,من [164-174],20,0,,,,,
850,9,الأعراف,,,175,30,1,,,,,
851,9,الأعراف,,,من [164-175],20,0,,,,,
852,9,الأعراف,,,176,30,1,,,,,
853,9,الأعراف,,,من [164-176],20,0,,,,,
854,9,الأعراف,,,تسميع سورة الأعراف,1000,3,1,,,,
855,9,الأعراف,,,177,30,1,,,,,
856,9,الأنفال,,,178,30,1,,,,,
857,9,الأنفال,,,من [177-178],20,0,,,,,
858,9,الأنفال,,,179,30,1,,,,,
859,9,الأنفال,,,من [177-179],20,0,,,,,
860,9,الأنفال,,,180,30,1,,,,,
861,9,الأنفال,,,من [177-180],20,0,,,,,
862,9,الأنفال,,,181,30,1,,,,,
863,9,الأنفال,,,من [177-181],20,0,,,,,
864,10,الأنفال,,,182,30,1,,,,,
865,10,الأنفال,,,من [177-182],20,0,,,,,
866,10,الأنفال,,,183,30,1,,,,,
867,10,الأنفال,,,من [177-183],20,0,,,,,
868,10,الأنفال,,,184,30,1,,,,,
869,10,الأنفال,,,من [177-184],20,0,,,,,
870,10,الأنفال,,,185,30,1,,,,,
871,10,الأنفال,,,من [177-185],20,0,,,,,
872,10,الأنفال,,,186,30,1,,,,,
873,10,الأنفال,,,تسميع سورة الأنفال,100,2,,,,,
874,10,الأنفال,,,187,30,1,,,,,
875,10,التوبة,,,188,30,1,,,,,
876,10,التوبة,,,من [187-188],20,0,,,,,
877,10,التوبة,,,189,30,1,,,,,
878,10,التوبة,,,من [187-189],20,0,,,,,
879,10,التوبة,,,190,30,1,,,,,
880,10,التوبة,,,من [187-190],20,0,,,,,
881,10,التوبة,,,191,30,1,,,,,
882,10,التوبة,,,من [187-191],20,0,,,,,
883,10,التوبة,,,192,30,1,,,,,
884,10,التوبة,,,من [187-192],20,0,,,,,
885,10,التوبة,,,193,30,1,,,,,
886,10,التوبة,,,من [187-193],20,0,,,,,
887,10,التوبة,,,194,30,1,,,,,
888,10,التوبة,,,من [187-194],20,0,,,,,
889,10,التوبة,,,195,30,1,,,,,
890,10,التوبة,,,من [187-195],20,0,,,,,
891,10,التوبة,,,196,30,1,,,,,
892,10,التوبة,,,من [187-196],20,0,,,,,
893,10,التوبة,,,197,30,1,,,,,
894,10,التوبة,,,198,30,1,,,,,
895,10,التوبة,,,من [197-198],20,0,,,,,
896,10,التوبة,,,199,30,1,,,,,
897,10,التوبة,,,من [197-199],20,0,,,,,
898,10,التوبة,,,200,30,1,,,,,
899,10,التوبة,,,من [197-200],20,0,,,,,
900,11,التوبة,,,201,30,1,,,,,
901,11,التوبة,,,من [197-201],20,0,,,,,
902,11,التوبة,,,202,30,1,,,,,
903,11,التوبة,,,من [197-202],20,0,,,,,
904,11,التوبة,,,203,30,1,,,,,
905,11,التوبة,,,من [197-203],20,0,,,,,
906,11,التوبة,,,204,30,1,,,,,
907,11,التوبة,,,من [197-204],20,0,,,,,
908,11,التوبة,,,205,30,1,,,,,
909,11,التوبة,,,من [197-205],20,0,,,,,
910,11,التوبة,,,206,30,1,,,,,
911,11,التوبة,,,من [197-206],20,0,,,,,
912,11,التوبة,,,207,30,1,,,,,
913,11,التوبة,,,من [197-207],20,0,,,,,
914,11,التوبة,,,تسميع سورة التوبة,500,3,1,,,,
915,11,يونس,,,208,30,1,,,,,
916,11,يونس,,,209,30,1,,,,,
917,11,يونس,,,دوري,30,0,,,,,
918,11,يونس,,,210,30,1,,,,,
919,11,يونس,,,211,30,1,,,,,
920,11,يونس,,,دوري,30,0,,,,,
921,11,يونس,,,212,30,1,,,,,
922,11,يونس,,,213,30,1,,,,,
923,11,يونس,,,دوري,30,0,,,,,
924,11,يونس,,,214,30,1,,,,,
925,11,يونس,,,215,30,1,,,,,
926,11,يونس,,,دوري,30,0,,,,,
927,11,يونس,,,216,30,1,,,,,
928,11,يونس,,,217,30,1,,,,,
929,11,يونس,,,دوري,30,0,,,,,
930,11,يونس,,,218,30,1,,,,,
931,11,يونس,,,219,30,1,,,,,
932,11,يونس,,,دوري,30,0,,,,,
933,11,يونس,,,220,30,1,,,,,
934,11,يونس,,,221,30,1,,,,,
935,11,يونس,,,دوري,30,0,,,,,
936,11,يونس,,,سورة يونس تراكمي,140,2,,,,,
937,11,هود,,,جزء 11 تراكمي,400,2,,,,,
938,12,هود,,,222,30,1,,,,,
939,12,هود,,,223,30,1,,,,,
940,12,هود,,,دوري,30,0,,,,,
941,12,هود,,,224,30,1,,,,,
942,12,هود,,,225,30,1,,,,,
943,12,هود,,,دوري,30,0,,,,,
944,12,هود,,,226,30,1,,,,,
945,12,هود,,,227,30,1,,,,,
946,12,هود,,,دوري,30,0,,,,,
947,12,هود,,,228,30,1,,,,,
948,12,هود,,,229,30,1,,,,,
949,12,هود,,,دوري,30,0,,,,,
950,12,هود,,,230,30,1,,,,,
951,12,هود,,,231,30,1,,,,,
952,12,هود,,,دوري,30,0,,,,,
953,12,هود,,,232,30,1,,,,,
954,12,هود,,,233,30,1,,,,,
955,12,هود,,,دوري,30,0,,,,,
956,12,هود,,,234,30,1,,,,,
957,12,هود,,,235,30,1,,,,,
958,12,هود,,,دوري,30,0,,,,,
959,12,هود,,,سورة هود تراكمي,140,2,,,,,
960,12,يوسف,,,236,30,1,,,,,
961,12,يوسف,,,237,30,1,,,,,
962,12,يوسف,,,دوري,30,0,,,,,
963,12,يوسف,,,238,30,1,,,,,
964,12,يوسف,,,239,30,1,,,,,
965,12,يوسف,,,دوري,30,0,,,,,
966,12,يوسف,,,240,30,1,,,,,
967,12,يوسف,,,241,30,1,,,,,
968,12,يوسف,,,دوري,30,0,,,,,
969,12,يوسف,,,جزء 12 تراكمي,400,2,,,,,
970,12,يوسف,,,(10 + 11 + 12),600,3,1,,,,
971,13,يوسف,,,242,30,1,,,,,
972,13,يوسف,,,243,30,1,,,,,
973,13,يوسف,,,دوري,30,0,,,,,
974,13,يوسف,,,244,30,1,,,,,
975,13,يوسف,,,245,30,1,,,,,
976,13,يوسف,,,دوري,30,0,,,,,
977,13,يوسف,,,246,30,1,,,,,
978,13,يوسف,,,247,30,1,,,,,
979,13,يوسف,,,248,30,1,,,,,
980,13,يوسف,,,دوري,30,0,,,,,
981,13,يوسف,,,سورة يوسف تراكمي,130,2,,,,,
982,13,الرعد,,,249,30,1,,,,,
983,13,الرعد,,,250,30,1,,,,,
984,13,الرعد,,,دوري,30,0,,,,,
985,13,الرعد,,,251,30,1,,,,,
986,13,الرعد,,,252,30,1,,,,,
987,13,الرعد,,,دوري,30,0,,,,,
988,13,الرعد,,,253,30,1,,,,,
989,13,الرعد,,,254,30,1,,,,,
990,13,الرعد,,,دوري,30,0,,,,,
991,13,الرعد,,,سورة الرعد تراكمي,60,1,,,,,
992,13,إبراهيم,,,255,30,1,,,,,
993,13,إبراهيم,,,256,30,1,,,,,
994,13,إبراهيم,,,دوري,30,0,,,,,
995,13,إبراهيم,,,257,30,1,,,,,
996,13,إبراهيم,,,258,30,1,,,,,
997,13,إبراهيم,,,دوري,30,0,,,,,
998,13,إبراهيم,,,259,30,1,,,,,
999,13,إبراهيم,,,260,30,1,,,,,
1000,13,إبراهيم,,,261,30,1,,,,,
1001,13,إبراهيم,,,دوري,30,0,,,,,
1002,13,إبراهيم,,,سورة إبراهيم تراكمي,70,2,,,,,
1003,13,إبراهيم,,,جزء 13 تراكمي,400,2,,,,,
1004,14,الحجر,,,262,30,1,,,,,
1005,14,الحجر,,,263,30,1,,,,,
1006,14,الحجر,,,دوري,30,0,,,,,
1007,14,الحجر,,,264,30,1,,,,,
1008,14,الحجر,,,265,30,1,,,,,
1009,14,الحجر,,,دوري,30,0,,,,,
1010,14,الحجر,,,266,30,1,,,,,
1011,14,الحجر,,,267,30,1,,,,,
1012,14,الحجر,,,دوري,30,0,,,,,
1013,14,الحجر,,,سورة الحجر تراكمي,60,1,,,,,
1014,14,الحجر,,,268,30,1,,,,,
1015,14,الحجر,,,269,30,1,,,,,
1016,14,الحجر,,,دوري,30,0,,,,,
1017,14,الحجر,,,270,30,1,,,,,
1018,14,النحل,,,271,30,1,,,,,
1019,14,النحل,,,دوري,30,0,,,,,
1020,14,النحل,,,272,30,1,,,,,
1021,14,النحل,,,273,30,1,,,,,
1022,14,النحل,,,دوري,30,0,,,,,
1023,14,النحل,,,274,30,1,,,,,
1024,14,النحل,,,275,30,1,,,,,
1025,14,النحل,,,دوري,30,0,,,,,
1026,14,النحل,,,276,30,1,,,,,
1027,14,النحل,,,277,30,1,,,,,
1028,14,النحل,,,دوري,30,0,,,,,
1029,14,النحل,,,278,30,1,,,,,
1030,14,النحل,,,279,30,1,,,,,
1031,14,النحل,,,دوري,30,0,,,,,
1032,14,النحل,,,280,30,1,,,,,
1033,14,النحل,,,281,30,1,,,,,
1034,14,النحل,,,دوري,30,0,,,,,
1035,14,النحل,,,سورة النحل تراكمي,140,2,,,,,
1036,14,النحل,,,جزء 14 تراكمي,400,2,,,,,
1037,15,الإسراء,,,282,30,1,,,,,
1038,15,الإسراء,,,283,30,1,,,,,
1039,15,الإسراء,,,دوري,30,0,,,,,
1040,15,الإسراء,,,284,30,1,,,,,
1041,15,الإسراء,,,285,30,1,,,,,
1042,15,الإسراء,,,دوري,30,0,,,,,
1043,15,الإسراء,,,286,30,1,,,,,
1044,15,الإسراء,,,287,30,1,,,,,
1045,15,الإسراء,,,دوري,30,0,,,,,
1046,15,الإسراء,,,288,30,1,,,,,
1047,15,الإسراء,,,289,30,1,,,,,
1048,15,الإسراء,,,دوري,30,0,,,,,
1049,15,الإسراء,,,290,30,1,,,,,
1050,15,الإسراء,,,291,30,1,,,,,
1051,15,الإسراء,,,دوري,30,0,,,,,
1052,15,الإسراء,,,292,30,1,,,,,
1053,15,الإسراء,,,293,30,1,,,,,
1054,15,الإسراء,,,دوري,30,0,,,,,
1055,15,الإسراء,,,سورة الإسراء تراكمي,120,2,,,,,
1056,15,الكهف,,,294,30,1,,,,,
1057,15,الكهف,,,295,30,1,,,,,
1058,15,الكهف,,,دوري,30,0,,,,,
1059,15,الكهف,,,296,30,1,,,,,
1060,15,الكهف,,,297,30,1,,,,,
1061,15,الكهف,,,دوري,30,0,,,,,
1062,15,الكهف,,,298,30,1,,,,,
1063,15,الكهف,,,299,30,1,,,,,
1064,15,الكهف,,,دوري,30,0,,,,,
1065,15,الكهف,,,300,30,1,,,,,
1066,15,الكهف,,,301,30,1,,,,,
1067,15,الكهف,,,دوري,30,0,,,,,
1068,15,الكهف,,,جزء 15 تراكمي,400,2,,,,,
1069,15,الكهف,,,(13 + 14 + 15),600,3,1,,,,
1070,15,الكهف,,,302,30,1,,,,,
1071,15,الكهف,,,303,30,1,,,,,
1072,15,الكهف,,,304,30,1,,,,,
1073,15,الكهف,,,دوري,30,0,,,,,
1074,15,الكهف,,,سورة الكهف تراكمي,110,2,,,,,
